Iola,Read,iol.re@webmail.com,1940 Misty Blossom Edge, Mad Creek, NM, 87164
Charlee,McElligott,charlee-mcel@toodles.com,4374 Round Lagoon Trace, Washakie Ten, VA, 22415
Lawrencia,Appleby,lawrencia-apple@freewebmail.com,8376 Green Barn Mount, Three Hills, NH, 03656
Vincentia,Balk,vincen_bal@hotmail.com,1023 Middle Treasure Meadow, Noxapater, CT, 06806
Henry,Orr,hen-orr@toodles.com,447 Shady Creek Towers, Igloo, GA, 39851
Gabi,Aron,gabi-aron@hotmail.com,4460 Easy Forest Village, Redvers, MN, 55923
Harden,Kight,hardekigh@myspace.com,1204 Emerald Chase, Czar, RI, 02947
Philomela,Bosley,philomel-bos@yoohoo.com,3030 Sleepy Fox Wood, Belcher, MO, 63241
Jarmila,Osgood,jaosg@msn.com,6370 Dusty Apple Alley, Mossbank, UT, 84951
Kornel,Negron,korne-negro@yahoo.ca,2087 Burning Berry Valley, Cantaloupe, FL, 34351
Concepcion,England,conceen@myspace.com,434 Stony Highlands, Ogletown, VT, 05508
Shani,Freeman,sh-fre@info.com,3424 Dewy Avenue, Bloodtown, CA, 94353
Nicky,Labelle,nic_lab@freewebmail.com,2626 Rustic Horse Bay, Hahatonka, DE, 19941
Hjordis,Harmon,hjordiha@carmag.com,383 Fallen Run, Skytop, SD, 57844
Hans,Branscum,hans.branscum@bing.com,6110 Umber Spring Field, Gap in Knob, KY, 40600
Kari,Ponce,ka-ponc@infoseller.com,9416 Cozy Hills Cove, Tuxedo, OR, 97109
Mili,Siegrist,mi_sieg@myspace.com,4866 High Inlet, Kit Carson, AR, 72068
Heloise,Crotty,helocrott@hotmail.com,1339 Jagged Dale Gate, Confluence, MN, 55503
Angelia,Boose,angeli_boos@msn.com,9438 Little Via, Aloha, MA, 01896
Dwaine,Delatorre,dw.delatorre@google.com,2882 Heather Zephyr Moor, Turtlepoint, UT, 84441
Menuha,Skelly,menuhskel@toodles.com,5452 Pleasant Forest, Rocanville, TX, 77559
Olalla,Janicki,olallaja@google.com,6983 Harvest Timber Boulevard, Piankashawtown, DC, 20091
Primo,Acree,primo.acree@bing.com,9257 Amber Anchor Street, Trent Hills, KS, 67536
Zelman,Noriega,zelma.noriega@carmag.com,5531 Old Gate Highway, Coyote Wells, OR, 97695
Kerecsen,Wight,ker-wi@yoohoo.com,5646 Sunny Robin Bank, Neon, CA, 93044
Hamon,Vanwormer,hamo-vanwor@google.com,2051 Merry Wagon Front, Axehandle, PA, 18343
Johanna,Loew,johan_lo@webmine.com,2377 Silver Pine Heights, Featherbed, VT, 05735
Michiko,Kelso,michi_kelso@geocities.com,5597 Honey Pioneer Ridge, Blazing Place, VA, 24237
Xandy,Garlock,xa_gar@freewebmail.com,6334 Indian Rise, Rapture, SD, 57290
Honey,Bremer,ho-breme@infoseller.com,350 Gentle Quail Pathway, Minuet, NH, 03692
Kartal,Conerly,karta_conerly@toodles.com,7194 Quaking Pointe, Lestock, NJ, 07166
Zia,Cantwell,zicant@yahoo.ca,496 Bright Fawn Link, Horsey, ID, 83484
Dixon,Arcos,di.arco@freewebmail.com,3557 Broad Willow Point, Shippagan, AZ, 86186
Klaud,Maki,kla-mak@yahoo.ca,5301 Cotton Isle, Sammamish, TX, 79171
Rishon,Devaughn,rishon_devau@msn.com,4195 Clear Carrefour, Wood Mountain, CT, 06778
Fatima,Will,fat.will@freespace.com,2880 Red Brook Crossing, Benefit, IA, 52624
Kasmira,Portugal,kas-portuga@freewebmail.com,5525 Crystal Pony Trail, Gene Autry, NY, 13209
Leiko,Stigall,le-stigall@carmag.com,6302 Tawny Pines, Rockglen, IN, 46465
Karlotte,Catalano,karlott.cata@freespace.com,9876 Quiet Shadow Falls, Oral Lake, VT, 05383
Lowan,Pawlowski,lowan-pawlo@mail.com,409 Lazy Cape, Shacktown, PA, 17733
Fionola,Henry,fi_hen@google.com,9452 Hidden Sky Maze, Flickersville, ME, 04094
Orman,Hagel,orman.hag@linux.com,1602 Lost Elk Passage, Topsy, MA, 02343
Richard,Boutwell,richar_boutwell@bing.com,7933 Hazy Townline, Redhouse, WI, 54146
Jarrah,League,jarra.leagu@geocities.com,6832 Velvet Hickory Parade, Davidson, WA, 98793
Devi,Wilds,de_wi@infoseller.com,3179 Blue Court, Eightmile, MA, 02140
Alexis,Burnell,alexi-burnell@booksmart.com,6713 Silent Hill, Tingley, WV, 25899
Srinath,Coggins,srinath_co@yahoo.com,6948 Thunder Butterfly Private, Sunday, RI, 02911
Evangelia,Edgar,evange.ed@webmail.com,2432 Foggy Limits, Paddockwood, MA, 02586
Alzena,Mershon,alze.mer@mail.com,9041 Colonial Dale, Weed, MN, 55432
Sharee,McMahon,sharemcm@freewebmail.com,3499 Golden Deer Gardens, Frostproof, DC, 20081
Dedric,Fast,dedric_fas@booksmart.com,1540 Iron Lagoon Island, Banklick, CT, 06984
Yael,Orear,yae_ore@webmine.com,4187 Red Beach, Topsy, OR, 97537
Hari,Bahr,hari_ba@geocities.com,9142 Merry Row, Coffee City, MN, 56544
Xavier,Jahnke,xavie-jahn@myspace.com,8619 Sleepy Run, Sippewisset, ID, 83753
Radhika,Perl,radhik_per@mail.com,6171 Crystal Heath, Dilly, IA, 51477
Garwood,Mestas,garwood-mestas@toodles.com,1734 Dewy Panda Cape, Hogeye, MO, 64446
Ferdinand,Frazer,ferdfr@myspace.com,571 Cozy Pathway, Milden, OH, 45986
Kavan,Schiavone,kava.schiavone@toodles.com,2529 Emerald Maze, Odyssey, PA, 16783
Darby,Everts,darby_ev@infoseller.com,7417 Hazy Treasure Townline, Volcanoville, MO, 64689
Oddvar,Paz,oddv_paz@bing.com,9361 Foggy Grove By-pass, Doctortown, SC, 29225
Dulcina,Holden,dul_holden@bing.com,2053 Rocky Passage, North Battleford, KY, 40968
Giles,Phillip,giles_phill@webmine.com,2763 Dusty Estates, Deadwater, CT, 06035
Patsy,Cavender,patsyca@mail.com,9997 Thunder Concession, Gaslight Village, RI, 02933
Tod,Matteson,tod_matt@carmag.com,4009 Lazy Berry Common, Bear Town, UT, 84039
Ottilie,Spring,otti_sp@hotmail.com,6812 Round Hills Centre, Nine Times, MA, 01717
Bray,Delorme,br_delorm@booksmart.com,4946 Silent Parkway, Kicking Horse, TN, 37708
Louis,Trosclair,louis.tr@booksmart.com,4025 Clear Swale, Pigtown, UT, 84618
Subhaga,Scheidt,sub.sche@yahoo.ca,8940 Umber Meadow, Pippa Passes, NC, 27935
Manya,Kaminski,man-kam@bing.com,5100 Amber Mall , Whistler, CO, 80006
Griffin,Hower,grifho@hotmail.com,9273 Colonial Horse Trail, Spackenkill, MN, 55202
Bristol,Cooksey,brist.cookse@msn.com,9663 Indian Fawn Key, Bengough, FL, 32560
Nori,Lingerfelt,noling@linux.com,9272 Harvest Wagon Knoll, Taycheedah, ME, 04690
Anupama,Nell,anupa_nel@yahoo.com,8943 Heather Creek Square, Sucarnoochee, AL, 35869
Michael,Colley,michaelco@info.com,4203 Lost Corners, Hinton, AZ, 86661
Tokiko,Vice,tok_vic@webmail.com,1250 Blue Vale, Katy Lick, AL, 35300
Yancy,Wooster,yawooste@webmine.com,4962 Sunny Campus, Damtown, TN, 37592
Vibhuti,Keyes,vibhukeyes@google.com,1098 Quiet Circle, Centrahoma, NE, 69666
Macon,Raines,maco_rai@yahoo.ca,7669 High Goose Bend, Dogtail Corners, MD, 21394
Keyna,Beer,keyn-be@infoseller.com,5702 Middle Beacon Trace, Levelroad, AK, 99892
Rambert,Tharpe,ramber-tharp@yahoo.com,6375 Honey Downs, Remote, ND, 58980
Melvin,Rood,melv_roo@yahoo.com,297 Green Highlands, Nutterville, TX, 79817
Baudouin,Giannone,baugian@yahoo.com,866 Wishing Villas, Torpedo, ME, 04985
Tilford,Grijalva,tilgr@carmag.com,455 Bright View Chase, Puyallup, AL, 36337
Randi,Handley,ran_han@info.com,7489 Golden Highway, Colon, CT, 06567
Adrian,Sheffield,adri.sheffi@mail.com,7366 Fallen Promenade, Nashville, WY, 83130
Ettore,Ryder,ett.ry@webmail.com,6824 Pleasant Pony Landing, Eston, NY, 10595
Arlene,Hillyer,arle_hill@hotmail.com,7769 Cinder Oak Thicket, Winnipeg Beach, MN, 56513
Ria,Polk,ria.po@info.com,7263 Rustic Stead, Blowout, NE, 69553
Erick,Shepler,er_sh@yoohoo.com,7898 Broad Nectar Corner, Rossburn, CT, 06884
Aura,Seefeldt,aur_se@geocities.com,3073 Hidden Heights, Bonaparte, NV, 89298
Eneas,Sacks,eneas.sa@yoohoo.com,5030 Silver Elk Edge, Fakit Chipunta, ID, 83371
Milburn,Curry,milbu_curr@freespace.com,2451 Burning Nook, Goodbee, NY, 14293
Lassie,Henton,lass-he@google.com,5759 Cotton Dale, Utopia, OK, 73685
Alodia,Belk,al-be@webmail.com,7223 Jagged Butterfly Byway, Twightwee, SC, 29881
Phoenix,Lavergne,phoen.lave@booksmart.com,1798 Gentle Range, Tohopikaliga, NH, 03821
Nurhan,Wenner,nu.wenner@bing.com,3975 Little Apple Hill, Dakoming, UT, 84560
Habika,Goodale,hab-goo@yahoo.com,4920 Shady Island Crossing, Coonville, TN, 38471
Itziamar,Pruett,itzi_pruet@info.com,6416 Old Glade, Poocham, SD, 57330
Sabia,Conyers,sa_cony@infoseller.com,4648 Velvet Bank, Ohop, NY, 13811
Ziven,Scherr,zi.sc@webmine.com,929 Grand Mountain Inlet, Middle Lake, WA, 98251
Graeae,Parmelee,grae.parm@yahoo.ca,6294 Old Maze, Sucker Brook, AZ, 86935
Boa,Galarza,bo_gala@yahoo.com,9748 Wishing Dale, Saturn, AZ, 86354
Vidal,Robison,vi-rob@info.com,6578 Dusty Estates, Vatican, CA, 91147
Henrik,Bicknell,he_bickne@linux.com,3434 Indian Range, Polkadot, AZ, 85195
Reece,Moultrie,reec_moult@booksmart.com,1748 Foggy Horse Canyon, Falls Church, AZ, 86368
Fayre,Brunette,fayrbr@bing.com,9173 Velvet Way, Fort Macleod, ME, 04868
Dymphna,Lanham,dymp-lanha@myspace.com,6724 Round Highway, Ficklin, OH, 43968
Bod,Clark,bocla@yoohoo.com,4349 Tawny Shadow Glade, Lick Creek, UT, 84951
Brice,Weber,briweb@infoseller.com,7434 Noble Lane, Amsterdam, OK, 73431
Primula,Maly,pr_maly@toodles.com,1782 Quaking Timber Heath, Skookumchuck, RI, 02944
Csongor,Prue,cson_pr@myspace.com,5259 Thunder Grove, Carnation, WY, 82710
Zion,Roberts,zi-rober@google.com,9588 Hazy Elk Bay, Gallup, NM, 88033
Eirwen,Conant,eirwe-con@yahoo.ca,8417 Sleepy Branch Circle, New Deal, WY, 82370
Olier,Labadie,ol-labadie@booksmart.com,5660 Dewy Bear Corners, Waldron, VA, 24048
Hortensius,Schrum,hor-schru@linux.com,8339 Little Crest, Minnehaha, WI, 53137
Elgan,Chun,elgchu@bing.com,3158 Lazy Spring Townline, Quarantine, NC, 28035
Uri,Sharpe,uri_sharp@bing.com,7695 Misty Carrefour, Clover Lick, RI, 02849
Karin,Barto,ka.ba@webmail.com,6411 Fallen Cider Ledge, Cylinder, NE, 68932
Klaes,Bottorff,kl.bottorff@booksmart.com,7476 Merry Goose Village, Atmautluak, MA, 01054
Brier,Baxter,bri.baxter@webmine.com,8414 Cotton Hills Parkway, Jackson Hole, MN, 56295
Cleve,Magyar,clev.magyar@freewebmail.com,5303 Honey Hollow, Big Hill, MI, 49713
Phoebe,Thrush,phoethrush@google.com,8968 Crystal Grove Meadow, Arborfield, GA, 39926
Jessica,Magdaleno,jessic.magdale@webmail.com,1905 Jagged Falls, Elfros, IN, 46331
Whoopi,Botts,whoo.bot@yahoo.ca,5069 Silver Harbour, Tofield, OK, 73475
Sile,Jang,sile-jang@hotmail.com,4861 Lost Island Concession, Spurgeons Corner, AK, 99805
Meena,Crotty,mee_crot@booksmart.com,570 Pleasant Ramp, Francis, OK, 73798
Reed,Younker,reed-younke@msn.com,9824 Shady Farm, Butchertown, MN, 56390
Vane,Larios,van_lario@carmag.com,5360 Middle Nectar Mall , Fourteen Bend, WA, 98291
Naida,Hanson,naid.hans@bing.com,7374 Hidden Deer Park, Reefer City, ID, 83324
Marisela,Altman,marise-altma@yoohoo.com,7674 Clear Cove, Cactus City, DC, 20012
Morten,Milliman,mo_milli@info.com,9779 Cinder Embers Wynd, Bearcreek, VT, 05290
Kynan,Mack,kyna.mack@info.com,348 Broad Apple Promenade, Credit, ID, 83498
Rey,Digiovanni,rey.digiova@yahoo.ca,3739 Emerald Mews, Hearts Ease, UT, 84570
Breton,Scotti,bretonscott@msn.com,1748 Sunny Autumn Limits, Cheeseville, FL, 33429
Proctor,Redwine,pr_redw@toodles.com,6604 Umber Autoroute, Burning Fork, PA, 17512
Bledig,Harwell,bl_harwel@info.com,439 Iron Path, Whynot, OR, 97277
Gaius,Hopson,gaius_hop@hotmail.com,7750 High Pioneer Thicket, Golightly, NE, 68796
Dudley,Poland,dudley_pol@linux.com,3936 Green Pony Loop, Cabinet, NY, 10330
Geoff,Hendrick,geo_hend@msn.com,2725 Gentle Dale Jetty, Proximity, WI, 53220
Renaldo,Mitchell,re-mitc@freewebmail.com,8992 Heather Row, Elevation, FL, 32607
Nimai,Pavon,nimaipa@bing.com,5855 Quiet Avenue, Lockeport, MA, 01733
Aksel,Monterroso,aks.monterros@info.com,7705 Rocky Sky Wood, Fifty Acres, SD, 57091
Kellen,Waldo,kel_wa@myspace.com,9719 Golden Gate Impasse, Minitonas, ID, 83622
Grady,McComas,gra_mccom@yahoo.com,3922 Red Cloud Stead, Tiger Valley, WA, 98062
Ana,Shirk,ana.shir@yahoo.ca,4086 Grand Walk, Dallas, ND, 58789
Honna,Prevost,honn.prevos@hotmail.com,2807 Easy Leaf View, Odessa, AZ, 85929
Zafer,Sledge,za_sledge@myspace.com,2429 Rustic Extension, Carlock, OR, 97904
Dorcas,Trott,dorc-trot@yoohoo.com,1340 Harvest Isle, Smoke Signal, ME, 04601
Darthmouth,Dutra,darthmodutr@msn.com,9912 Bright Bluff Subdivision, Alaska, AR, 72467
Xaviera,Laclair,xav_lac@msn.com,7382 Stony Place, Brief, NM, 87902
Herminia,Plumlee,hermini_plu@webmail.com,3907 Stony Shadow Range, Half Hell, MN, 55328
Derron,Dancer,derro.danc@webmine.com,6555 Burning Meadow, Oddville, MD, 20792
Dudley,Nims,du-ni@msn.com,4186 High Townline, Maggie Blues, RI, 02964
Amazonia,Moss,amazo.mo@yoohoo.com,1748 Honey Estates, Bashaw, MS, 38975
Camilla,Seamon,camill_seamo@google.com,9782 Emerald Fawn Gardens, Funter, DC, 20009
Isha,Wilbur,ishawil@msn.com,2105 Quaking Bear Green, Beechy, NE, 69295
Innocent,Cox,innocco@geocities.com,8294 Grand Pointe, Ogeecheeton, WV, 26335
Miller,Culver,mille_culv@mail.com,9908 Indian Quail Line, Wall City, MI, 48617
Matareka,Bickel,mata-bickel@geocities.com,8752 Silent Cape, Bothersome, AR, 72082
Egon,Carrington,egon_carrin@webmail.com,9747 Jagged Spring Park, Sinnemahoning, OK, 73432
Raivata,Walk,raiv_wa@geocities.com,6224 Dusty Forest Lookout, Frognot, MD, 21487
Lorretta,Palomo,lorret-pal@freespace.com,3131 Wishing Nectar View, Wamduska, UT, 84448
Aubrey,Teeter,aubre_teet@hotmail.com,3863 Sleepy Bank, Pocatello, NC, 28208
Strom,Manz,strom_manz@hotmail.com,4907 Sunny Elk Impasse, Spanish, NC, 28235
Leif,Teitelbaum,le_teite@mail.com,6788 Bright Pony Pines, Redwater, PA, 19211
Bellanca,Hutcheson,bellancahutche@msn.com,6033 Cotton Oak Square, Titanic, NM, 88112
Adeben,McComas,adeb_mcco@webmine.com,8949 Clear Byway, Chair Crossing, IL, 62538
Narrah,Besser,narra_bes@yahoo.com,9639 Tawny Highlands, Penhold, OR, 97192
Eydie,Mcintire,eydimcintire@freewebmail.com,8334 Hazy Glen, Squa Pan, MT, 59355
Caley,Walraven,cal_walr@booksmart.com,7872 Shady Inlet, Powhattan, MI, 48078
Kenyon,Cave,ke.ca@mail.com,9408 Easy Freeway, Pinch, MI, 48492
Iona,Riojas,ion_rio@freespace.com,3578 Amber Parade, Double Trouble, ID, 83525
Bates,Tant,bates.tant@geocities.com,1503 Middle Leaf Mall , Crow Wing, UT, 84303
Netanya,Henriques,ne-henri@linux.com,3564 Lazy Pioneer Jetty, Basalt, TN, 37070
Dion,Heintzelman,dion_heintze@linux.com,9857 Velvet Swale, Pringle, VA, 22072
Bruce,Greiner,bruce.gr@freespace.com,7701 Quiet Brook Mountain, Negro Crossing, VA, 24518
Montmorency,McEntire,mon-mcenti@info.com,8608 Green Wagon Hollow, Athabasca, WV, 25573
Dag,Sherwood,dasherwoo@myspace.com,1698 Little Barn Farm, Kilts, HI, 96861
Tilford,Rustin,til-rusti@mail.com,3548 Round River Route, Mililani, WI, 53400
Peg,Fortuna,peg-fo@carmag.com,7929 Merry Walk, Unalakleet, KY, 40495
Lang,Hertel,la_hert@info.com,285 Fallen Dell, Pointblank, WY, 82105
Armen,Burbank,arm.burbank@infoseller.com,1031 Noble Treasure Chase, Turner Valley, CO, 80833
Luis,Dillon,lui-dillo@myspace.com,6550 Misty Prairie Road, Horneytown, OK, 73574
Seanna,Moua,semoua@yoohoo.com,2370 Iron Creek Limits, Angel, AR, 72341
Cranley,Dow,cr_dow@myspace.com,2056 Rustic Timber Lane, Dead River, VT, 05281
Aldora,Cornejo,al_cor@infoseller.com,3001 Gentle Mountain Parkway, Wiseton, SC, 29825
Malik,Gragg,ma-gr@webmail.com,220 Rocky Private, Fingerboard Corner, IN, 47979
Isla,Sargeant,islasarge@mail.com,9167 Heather Knoll, Horse Shoe Run, TX, 78283
Holli,Loveless,holli_lovele@infoseller.com,66 Dewy Mount, Olentangy, RI, 02921
Garron,Cobb,garr_cobb@mail.com,1977 Pleasant Point, St. Charles, WY, 82399
Romney,Moreno,romoren@geocities.com,6043 Harvest Hickory Manor, Norquay, MD, 21244
Pooja,McKittrick,pooj_mckittr@bing.com,6005 Silver Horse Port, Dumbarton, WA, 98724
Jerusha,Labella,jeruslab@hotmail.com,511 Hidden Trail, Onward, MT, 59832
Vinny,Engelbrecht,vinny_engelbrecht@webmail.com,7122 Golden Rise Gate, Check, DC, 20050
Taggart,Fulcher,ta-fu@hotmail.com,4307 Red Rabbit Front, Blissville, HI, 96881
Albin,Dillion,albdilli@msn.com,4394 Broad Pathway, Bar Nunn, ID, 83370
Rudy,Loesch,ru_loesch@freespace.com,9013 Thunder Blossom Pike, Arborfield, MD, 21015
Reuben,Marchetti,reube_marchetti@hotmail.com,3827 Old Mews, Sizerock, NE, 68922
Mya,Dublin,my.du@freespace.com,6094 Colonial Highway, Niwot, OR, 97949
Bennett,Hunn,benn.hunn@info.com,449 Blue Downs, Buddha, MN, 55866